 last_name |  email   
-----------+----------
 Banda     | ABANDA
 Cabrio    | ACABRIO
 Errazuriz | AERRAZUR
 Fripp     | AFRIPP
 Hunold    | AHUNOLD
 Hutton    | AHUTTON
 Khoo      | AKHOO
 McEwen    | AMCEWEN
 Toro      | ATORO
 Walsh     | AWALSH
(10 rows)